{"stats":{"minecraft:used":{"minecraft:oak_trapdoor":15,"minecraft:purpur_block":2,"minecraft:water_bucket":194,"minecraft:iron_bars":120,"minecraft:writable_book":39,"minecraft:end_stone_bricks":1,"minecraft:cobblestone_stairs":15,"minecraft:flint_and_steel":2,"minecraft:oak_planks":1,"minecraft:redstone_ore":4,"minecraft:infested_stone":142,"minecraft:prismarine":2,"minecraft:dispenser":6,"minecraft:redstone":1199,"minecraft:red_nether_bricks":1,"minecraft:ladder":16,"minecraft:chest":17,"minecraft:white_terracotta":6,"minecraft:sandstone":32,"minecraft:stone":3223,"minecraft:redstone_block":6,"minecraft:brown_shulker_box":1,"minecraft:netherrack":2,"minecraft:white_wool":29,"minecraft:torch":104,"minecraft:dirt":3,"minecraft:sand":6,"minecraft:terracotta":7,"minecraft:infested_chiseled_stone_bricks":1,"minecraft:oak_slab":22,"minecraft:cobblestone_wall":25,"minecraft:white_bed":6,"minecraft:sponge":5,"minecraft:note_block":12,"minecraft:dark_oak_door":2,"minecraft:redstone_torch":439,"minecraft:glass":239,"minecraft:sticky_piston":12,"minecraft:piston":12,"minecraft:lever":93,"minecraft:acacia_stairs":3,"minecraft:lava_bucket":54,"minecraft:coal_ore":1,"minecraft:gray_shulker_box":1,"minecraft:command_block":80,"minecraft:iron_block":641,"minecraft:grass_block":1,"minecraft:oak_stairs":12,"minecraft:string":23,"minecraft:oak_button":5,"minecraft:stone_button":28,"minecraft:sign":42,"minecraft:stone_slab":61,"minecraft:oak_pressure_plate":1,"minecraft:iron_door":46,"minecraft:gravel":54,"minecraft:stone_brick_stairs":139,"minecraft:stone_bricks":748,"minecraft:item_frame":1,"minecraft:bedrock":61,"minecraft:tripwire_hook":6,"minecraft:repeater":414,"minecraft:glowstone":126,"minecraft:cobblestone":32,"minecraft:redstone_lamp":21,"minecraft:bow":14,"minecraft:written_book":3,"minecraft:iron_trapdoor":26,"minecraft:oak_sapling":1,"minecraft:acacia_fence":3,"minecraft:white_stained_glass":160,"minecraft:bucket":1003,"minecraft:chain_command_block":7,"minecraft:trapped_chest":3,"minecraft:glass_pane":26,"minecraft:gold_block":60,"minecraft:skeleton_skull":5,"minecraft:observer":15,"minecraft:bone_meal":2},"minecraft:dropped":{"minecraft:gravel":1,"minecraft:piston":1,"minecraft:lever":70,"minecraft:cobblestone_wall":2,"minecraft:cobblestone":1,"minecraft:stone_slab":1,"minecraft:command_block":3,"minecraft:white_terracotta":1,"minecraft:acacia_stairs":1,"minecraft:item_frame":2,"minecraft:lava_bucket":1,"minecraft:iron_block":1,"minecraft:dirt":1,"minecraft:redstone_lamp":1,"minecraft:stone":1,"minecraft:iron_door":2,"minecraft:chest":1,"minecraft:wooden_shovel":1,"minecraft:infested_stone":1,"minecraft:redstone_torch":2,"minecraft:writable_book":4,"minecraft:stone_bricks":3,"minecraft:sand":4,"minecraft:iron_bars":1,"minecraft:arrow":185,"minecraft:bow":14,"minecraft:glass":1,"minecraft:chain_command_block":2,"minecraft:tripwire_hook":2,"minecraft:written_book":3,"minecraft:bone":2},"minecraft:custom":{"minecraft:tune_noteblock":61,"minecraft:play_one_minute":1403318,"minecraft:open_shulker_box":3,"minecraft:leave_game":26,"minecraft:time_since_death":1403318,"minecraft:climb_one_cm":3472,"minecraft:time_since_rest":140043,"minecraft:sprint_one_cm":29283,"minecraft:walk_one_cm":1941038,"minecraft:trigger_trapped_chest":62,"minecraft:drop":69,"minecraft:damage_dealt":10,"minecraft:fly_one_cm":3074212,"minecraft:open_chest":152,"minecraft:crouch_one_cm":33146,"minecraft:sneak_time":22802,"minecraft:walk_under_water_one_cm":185561,"minecraft:jump":2757,"minecraft:walk_on_water_one_cm":154820,"minecraft:fall_one_cm":211,"minecraft:inspect_dispenser":11},"minecraft:picked_up":{"minecraft:repeater":7,"minecraft:tripwire_hook":2,"minecraft:iron_door":1,"minecraft:stone_slab":1,"minecraft:cobblestone_wall":1,"minecraft:string":1,"minecraft:dirt":1,"minecraft:item_frame":1,"minecraft:stone_bricks":1,"minecraft:bow":5,"minecraft:redstone_torch":25,"minecraft:torch":17,"minecraft:sand":126,"minecraft:stone_button":2,"minecraft:acacia_stairs":1,"minecraft:redstone":31,"minecraft:arrow":87,"minecraft:lever":68,"minecraft:iron_block":1,"minecraft:cobblestone":1}},"DataVersion":1628}